Product_ID,Product_Name,Category,Sub_Category,Brand,Unit_Cost,Selling_Price
PROD0001,Bright Owl Headphones Ball,ELECTRONICS,Headphones,Bright Owl,206.52,251.81
PROD0002,Urban Craft Laptops But,electronics,Laptops,Urban Craft,177.67,225.03
PROD0003,Coastal Cameras Tell,electronics,Cameras,Solstice,405.08,868.93
PROD0004,Kestrel Smart Watches Catch,ELECTRONICS,Smart Watches,TrueFit,40.8,87.84
PROD0005,Urban Craft Laptops Wind,electronics,Laptops,Prime,263.68,386.17
PROD0006,Zenith Cameras Adult,ELECTRONICS,Cameras,TrueFit,43.05,72.14
PROD0007,Coastal Cameras Media,Electronics,Cameras,TrueFit,398.29,753.74
PROD0008,Solstice Mobile Phones Happen,Electronic,Mobile Phones,TrueFit,29.86,36.62
PROD0009,Prime Mobile Phones Forget,electronics,Mobile Phones,Glowmax,204.42,298.46
PROD0010,Nova Mobile Phones Rock,Electronic,Mobile Phones,Urban Craft,120.03,173.45
PROD0011,Coastal Cameras Him,electronics,Cameras,Bright Owl,402.72,856.06
PROD0012,Vantage Smart Watches Chair,electronics,Smart Watches,Nova,205.53,431.9
PROD0013,Vantage Cameras Technology,Electronic,Cameras,Everline,164.14,270.87
PROD0014,TrueFit Smart Watches Letter,Electronic,Smart Watches,Prime,116.88,213.01
PROD0015,Urban Craft Headphones Voice,ELECTRONICS,Headphones,Urban Craft,489.6,873.28
PROD0016,Urban Craft Women's Wear Picture,Clothing,Women's Wear,Urban Craft,182.12,333.32
PROD0017,Everline Men's Wear Necessary,Apparel,Men's Wear,Everline,65.85,137.17
PROD0018,Vantage Women's Wear Source,Apparel,Women's Wear,Solstice,254.03,411.99
PROD0019,Bright Owl Women's Wear Guess,Apparel,Women's Wear,Bright Owl,295.0,532.78
PROD0020,Glowmax Women's Wear Consider,clothing,Women's Wear,Zenith,40.53,75.66
PROD0021,Kestrel Footwear Security,Apparel,Footwear,Prime,124.76,237.0
PROD0022,Prime Kids Wear Fly,clothing,Kids Wear,Bright Owl,412.15,821.89
PROD0023,Nova Footwear Air,Clothing,Footwear,Bright Owl,278.49,472.37
PROD0024,Glowmax Men's Wear Size,clothing,Men's Wear,Bright Owl,75.72,148.72
PROD0025,Zenith Footwear Teacher,Clothing,Footwear,TrueFit,139.35,232.93
PROD0026,Everline Kids Wear By,Apparel,Kids Wear,Nova,145.72,188.05
PROD0027,Nova Kids Wear Doctor,Apparel,Kids Wear,Prime,316.63,382.19
PROD0028,Zenith Footwear Career,Apparel,Footwear,Coastal,375.58,557.16
PROD0029,Solstice Kids Wear Tough,Clothing,Kids Wear,Vantage,5.07,8.55
PROD0030,Nova Footwear Rule,clothing,Footwear,Kestrel,28.19,40.59
PROD0031,Kestrel Decor Change,Home & Kitchen,Decor,Kestrel,354.95,431.56
PROD0032,Bright Owl Decor Rise,Home & Kitchen,Decor,Bright Owl,420.47,485.23
PROD0033,Vantage Cookware Dream,Home and Kitchen,Cookware,Everline,127.18,245.2
PROD0034,Kestrel Cookware Food,home & kitchen,Cookware,Kestrel,161.55,203.07
PROD0035,Bright Owl Appliances Car,home & kitchen,Appliances,Nova,183.32,262.86
PROD0036,Solstice Appliances Determine,Home & Kitchen,Appliances,Kestrel,422.14,624.35
PROD0037,Urban Craft Appliances Case,Home and Kitchen,Appliances,Zenith,395.52,825.24
PROD0038,Zenith Appliances Bar,Home & Kitchen,Appliances,Everline,219.74,462.65
PROD0039,Bright Owl Furniture Large,Home & Kitchen,Furniture,Zenith,191.77,414.66
PROD0040,TrueFit Cookware Rock,home & kitchen,Cookware,Nova,49.2,92.07
PROD0041,Urban Craft Furniture Source,Home & Kitchen,Furniture,Everline,249.44,388.39
PROD0042,Prime Cookware Step,home & kitchen,Cookware,Vantage,318.19,601.08
PROD0043,Glowmax Appliances Brother,home & kitchen,Appliances,TrueFit,7.16,9.49
PROD0044,Coastal Appliances Bank,home & kitchen,Appliances,TrueFit,357.96,662.12
PROD0045,TrueFit Furniture After,Home and Kitchen,Furniture,TrueFit,483.19,941.78
PROD0046,Urban Craft Furniture Stage,home & kitchen,Furniture,Urban Craft,475.63,897.83
PROD0047,Zenith Appliances Member,home & kitchen,Appliances,TrueFit,152.54,192.3
PROD0048,Coastal Decor Sometimes,home & kitchen,Decor,Solstice,392.0,715.93
PROD0049,Kestrel Appliances Lawyer,Home and Kitchen,Appliances,Prime,28.85,44.08
PROD0050,Bright Owl Makeup And,Beauty & Personal Care,Makeup,Solstice,478.62,801.89
PROD0051,Nova Makeup Debate,Beauty,Makeup,Solstice,219.2,357.42
PROD0052,Kestrel Skincare Box,beauty,Skincare,Everline,108.4,166.63
PROD0053,Bright Owl Skincare Alone,Beauty & Personal Care,Skincare,Vantage,188.06,226.61
PROD0054,Prime Makeup Student,Beauty,Makeup,Nova,384.95,611.04
PROD0055,Solstice Skincare Receive,Beauty,Skincare,Nova,411.98,841.62
PROD0056,TrueFit Haircare Must,beauty,Haircare,Glowmax,109.94,202.31
PROD0057,Bright Owl Haircare Personal,Beauty & Personal Care,Haircare,TrueFit,238.78,495.27
PROD0058,Zenith Haircare Artist,Beauty & Personal Care,Haircare,Zenith,111.79,208.12
PROD0059,TrueFit Skincare Manager,Beauty & Personal Care,Skincare,Glowmax,305.84,446.55
PROD0060,Glowmax Haircare By,Beauty & Personal Care,Haircare,TrueFit,72.62,133.2
PROD0061,Solstice Haircare When,beauty,Haircare,TrueFit,370.61,549.02
PROD0062,Glowmax Haircare Environment,Beauty,Haircare,Prime,324.19,507.32
PROD0063,Vantage Haircare Animal,beauty,Haircare,Zenith,358.04,486.64
PROD0064,Zenith Haircare Attorney,Beauty,Haircare,Glowmax,445.66,647.0
PROD0065,Prime Skincare Fish,Beauty & Personal Care,Skincare,TrueFit,187.05,226.52
PROD0066,Glowmax Skincare Region,Beauty & Personal Care,Skincare,Everline,60.2,101.84
PROD0067,TrueFit Makeup Action,Beauty,Makeup,TrueFit,137.46,278.67
PROD0068,Solstice Skincare Somebody,Beauty & Personal Care,Skincare,Bright Owl,12.27,18.99
PROD0069,Glowmax Haircare Big,Beauty & Personal Care,Haircare,Prime,171.99,201.28
PROD0070,Solstice Fitness Equipment Stay,sports,Fitness Equipment,TrueFit,66.56,105.45
PROD0071,Kestrel Sportswear Candidate,sports,Sportswear,Nova,248.97,199.18
PROD0072,Glowmax Fitness Equipment Wife,sports,Fitness Equipment,Bright Owl,267.81,475.33
PROD0073,Nova Fitness Equipment Play,Sports,Fitness Equipment,Kestrel,9.91,16.23
PROD0074,Solstice Sportswear Describe,Sports & Fitness,Sportswear,Coastal,481.93,816.86
PROD0075,Glowmax Sportswear People,Sports & Fitness,Sportswear,Kestrel,340.38,502.9
PROD0076,Prime Outdoor Gear Wear,sports,Outdoor Gear,Everline,388.13,761.34
PROD0077,Vantage Outdoor Gear Decision,sports,Outdoor Gear,Prime,263.04,572.06
PROD0078,Everline Outdoor Gear Crime,Sports,Outdoor Gear,Solstice,67.15,78.42
PROD0079,Solstice Fitness Equipment Religious,Sports & Fitness,Fitness Equipment,Prime,386.23,771.5
PROD0080,Everline Sportswear Have,Sports & Fitness,Sportswear,Everline,64.5,92.16
PROD0081,Solstice Sportswear Air,Sports,Sportswear,Everline,13.69,19.96
PROD0082,Bright Owl Outdoor Gear Believe,Sports & Fitness,Outdoor Gear,Bright Owl,387.71,656.73
PROD0083,Prime Sportswear Child,Sports,Sportswear,Zenith,177.31,273.12
PROD0084,Urban Craft Sportswear Throughout,sports,Sportswear,Solstice,5.67,8.31
PROD0085,Solstice Sportswear Skin,Sports,Sportswear,Bright Owl,325.0,706.19
PROD0086,Nova Academic Year,books,Academic,Prime,424.3,498.46
PROD0087,Solstice Fiction Fall,Books,Fiction,TrueFit,449.79,887.15
PROD0088,Nova Fiction Particularly,Books,Fiction,TrueFit,391.29,638.15
PROD0089,Coastal Fiction Happen,books,Fiction,Kestrel,202.01,296.56
PROD0090,Kestrel Fiction He,books,Fiction,Kestrel,37.52,52.14
PROD0091,Urban Craft Non-Fiction College,Books,Non-Fiction,Zenith,127.07,210.72
PROD0092,Everline Fiction Top,books,Fiction,Solstice,374.98,299.98
PROD0093,Nova Non-Fiction Month,books,Non-Fiction,Urban Craft,33.63,72.5
PROD0094,Zenith Academic Statement,Books,Academic,Urban Craft,471.65,931.25
PROD0095,Urban Craft Academic Shoulder,Books,Academic,Nova,495.71,853.47
PROD0096,Kestrel Fiction Position,books,Fiction,Glowmax,481.57,592.04
PROD0097,Prime Non-Fiction Effort,books,Non-Fiction,Kestrel,186.01,257.93
PROD0098,Zenith Academic Mouth,books,Academic,Coastal,101.94,132.3
PROD0099,Solstice Non-Fiction Over,Books,Non-Fiction,Solstice,313.09,616.91
PROD0100,Vantage Fiction Author,books,Fiction,Kestrel,291.26,379.89
PROD0101,Vantage Academic Bit,books,Academic,Kestrel,406.51,738.93
PROD0102,Nova Non-Fiction Ten,Books,Non-Fiction,Prime,197.14,366.25
PROD0103,Prime Academic Particular,Books,Academic,Everline,133.65,202.14
PROD0104,Urban Craft Fiction Source,books,Fiction,Bright Owl,459.16,668.09
PROD0105,Prime Academic Address,Books,Academic,Everline,237.64,495.4
PROD0106,Prime Action Figures Newspaper,toys,Action Figures,Bright Owl,355.32,431.83
PROD0107,Bright Owl Educational Director,Toys,Educational,TrueFit,77.92,62.34
PROD0108,Vantage Puzzles Senior,Toys & Games,Puzzles,Vantage,317.31,514.06
PROD0109,Coastal Puzzles Dark,toys,Puzzles,Zenith,71.47,154.08
PROD0110,Kestrel Educational Father,Toys & Games,Educational,Vantage,267.18,375.12
PROD0111,Everline Puzzles Congress,Toys & Games,Puzzles,Glowmax,252.8,471.12
PROD0112,Bright Owl Puzzles Week,Toys,Puzzles,Nova,42.74,61.48
PROD0113,TrueFit Puzzles Somebody,toys,Puzzles,Everline,404.45,660.32
PROD0114,Zenith Educational Note,Toys,Educational,Everline,275.56,442.12
PROD0115,Urban Craft Educational Above,Toys,Educational,Prime,26.73,35.39
PROD0116,Zenith Puzzles Share,toys,Puzzles,Urban Craft,225.54,308.91
PROD0117,Everline Educational Bit,Toys & Games,Educational,Glowmax,29.74,60.55
PROD0118,Kestrel Action Figures Window,toys,Action Figures,Vantage,490.69,972.94
PROD0119,Coastal Educational Difficult,Toys,Educational,Urban Craft,427.62,600.41
PROD0120,Urban Craft Puzzles Wife,Toys,Puzzles,Zenith,480.51,651.94
PROD0121,Nova Educational Mother,Toys & Games,Educational,Prime,475.96,1044.52
PROD0122,Zenith Educational Today,Toys,Educational,Prime,357.3,778.99
